# Modern-Era Retrospective Analysis for Research and Applications (MERRA), version 2
# Provider;National Aeronautics and Space Administration (NASA) / Goddard Space Flight Center
# More information at;http://gmao.gsfc.nasa.gov/reanalysis/MERRA-2
# Site latitude (positive means North);30.575
# Site longitude (positive means East);78.465
# Site altitude (m);2166
# Date beginning;1990-01-01
# Date end;2020-08-31
# Time reference (hour);UT
# Summarization (period of integration);Month
# Date - Instant;The date or instant given for each value corresponds to the end of the summarization

# Columns:
# Temperature (K);Temperature at 2 m above ground
# Relative humidity (%);Relative humidity at 2 m above ground
# Pressure (hPa);Pressure at ground level
# Wind speed (m/s);Wind speed at 10 m above ground
# Wind direction (deg);Wind direction at 10 m above ground (0 means from North, 90 from East...)
# Rainfall (kg/m2);Rainfall (= rain depth in mm)
# Snowfall (kg/m2);Snowfall
# Snow depth (m);Snow depth
# Short-wave irradiation (Wh/m2);Surface incoming shortwave irradiation (broadband)

# MERRA-2 meteorological data
# Date;UT time;Temperature;Relative Humidity;Pressure;Wind speed;Wind direction;Rainfall;Snowfall;Snow depth;Short-wave irradiation
1990-01-31;24:00;281.04;37.45;801.35;0.46;310.41;1.275880;12.659486;0.004862;122082.9000
1990-02-28;24:00;279.26;56.90;799.59;0.41;184.97;140.159808;60.677064;0.007914;120105.8000
1990-03-31;24:00;281.57;51.46;800.15;0.47;185.89;59.838156;64.403748;0.007385;183289.6000
1990-04-30;24:00;288.34;31.89;797.80;1.44;276.61;7.035977;14.195981;0.001415;217773.5000
1990-05-31;24:00;293.89;34.56;797.28;1.75;244.12;27.940658;14.306674;0.000013;243541.4000
1990-06-30;24:00;296.66;35.64;794.57;2.20;243.67;126.609502;4.130510;0.000000;242565.8000
1990-07-31;24:00;293.30;78.69;794.04;1.85;231.64;429.125546;2.391334;0.000000;205720.4000
1990-08-31;24:00;292.15;84.09;797.34;1.57;218.43;768.977910;27.263610;0.000006;166183.9000
1990-09-30;24:00;290.78;83.92;798.31;1.15;232.50;280.451495;3.727249;0.000000;172514.5000
1990-10-31;24:00;285.72;60.59;801.79;0.33;241.12;4.515491;3.604352;0.000000;181886.5000
1990-11-30;24:00;283.37;39.52;802.88;0.08;318.53;3.866148;3.784673;0.000270;139237.4000
1990-12-31;24:00;279.65;40.11;802.54;0.45;108.38;87.012612;71.993268;0.000383;107083.4000
1991-01-31;24:00;277.60;37.28;800.42;0.19;267.77;5.668344;6.440155;0.001373;123486.4000
1991-02-28;24:00;280.13;42.91;801.45;0.38;178.63;71.812152;47.910780;0.000661;124808.8000
1991-03-31;24:00;284.68;33.63;800.28;0.62;210.38;16.987356;39.258900;0.000901;179243.7000
1991-04-30;24:00;288.50;27.61;799.14;0.97;232.73;23.007838;31.288694;0.000424;225115.8000
1991-05-31;24:00;294.13;21.97;798.11;1.94;262.55;6.215188;9.809266;0.000027;259142.5000
1991-06-30;24:00;294.68;41.73;795.38;1.68;244.64;18.763488;2.145578;0.000014;255917.3000
1991-07-31;24:00;295.08;59.83;794.53;1.91;234.91;204.306407;1.558837;0.000000;222520.5000
1991-08-31;24:00;292.47;80.04;795.73;1.37;232.08;480.763213;10.528067;0.000007;182837.0000
1991-09-30;24:00;290.03;76.45;798.85;1.10;248.28;121.991685;2.241903;0.000000;184441.0000
1991-10-31;24:00;285.89;47.98;800.85;0.28;277.30;0.000254;0.039814;0.000000;179083.3000
1991-11-30;24:00;281.75;38.27;802.96;0.23;277.05;1.184836;1.813305;0.000025;130730.8000
1991-12-31;24:00;279.59;45.67;801.81;0.29;296.59;68.064095;34.540909;0.001599;104537.8000
1992-01-31;24:00;278.83;47.46;802.45;0.17;336.76;74.324412;69.613488;0.002380;107028.9000
1992-02-28;24:00;278.25;44.99;798.96;0.39;254.43;42.663625;31.882331;0.008058;140981.7000
1992-03-31;24:00;283.34;40.02;800.29;0.59;245.09;48.788892;73.726884;0.001133;157221.5000
1992-04-30;24:00;289.05;25.62;800.02;1.19;236.81;4.331448;9.515491;0.000050;208386.2000
1992-05-31;24:00;292.48;25.94;797.71;1.77;253.11;40.214351;14.486209;0.000047;251538.8000
1992-06-30;24:00;295.77;29.28;795.25;2.08;248.15;10.925456;3.678401;0.000001;255853.6000
1992-07-31;24:00;293.14;69.49;795.67;1.66;225.81;419.953054;11.175746;0.000001;202589.8000
1992-08-31;24:00;292.27;83.58;796.74;1.61;225.87;423.170548;3.395972;0.000000;187453.6000
1992-09-30;24:00;290.16;76.84;798.53;1.01;216.71;203.452250;7.181590;0.000006;180697.6000
1992-10-31;24:00;286.40;50.93;801.02;0.43;241.77;0.780921;0.577383;0.000022;180825.3000
1992-11-30;24:00;283.06;41.02;803.31;0.34;252.55;30.804494;13.364086;0.000299;135791.5000
1992-12-31;24:00;280.50;32.36;803.16;0.55;296.95;1.111933;2.508619;0.000176;118396.0000
1993-01-31;24:00;277.38;45.89;800.29;0.21;271.58;36.779724;36.522864;0.010313;121321.2000
1993-02-28;24:00;281.49;39.17;800.63;0.42;241.25;64.570756;34.184012;0.003254;130923.3000
1993-03-31;24:00;281.48;48.38;800.07;0.56;223.37;55.528920;62.124048;0.007276;183900.5000
1993-04-30;24:00;288.44;36.68;799.98;1.00;264.64;15.700507;11.172452;0.002389;221282.1000
1993-05-31;24:00;294.13;27.35;797.52;1.82;257.78;14.388620;9.744293;0.000004;258931.4000
1993-06-30;24:00;294.94;44.32;795.59;1.80;239.83;108.514274;8.049262;0.000004;243817.1000
1993-07-31;24:00;293.08;77.41;794.83;1.58;213.93;611.401511;16.303489;0.000008;200810.9000
1993-08-31;24:00;292.18;77.88;795.86;1.35;247.82;158.922086;0.789970;0.000002;219725.9000
1993-09-30;24:00;289.96;79.11;798.55;0.80;235.28;393.038928;21.647592;0.000099;179790.4000
1993-10-31;24:00;285.97;51.92;802.30;0.22;307.36;0.121021;0.209035;0.000000;184426.3000
1993-11-30;24:00;283.33;43.58;802.47;0.44;321.43;0.994999;2.452050;0.000000;138347.6000
1993-12-31;24:00;280.85;31.73;802.81;0.39;330.31;0.146630;0.907307;0.000000;125795.9000
1994-01-31;24:00;278.41;49.28;800.73;0.16;40.89;61.767756;52.402644;0.006468;108379.9000
1994-02-28;24:00;278.52;48.11;799.09;0.38;213.23;40.927104;44.083296;0.008893;135660.8000
1994-03-31;24:00;285.79;34.91;800.13;1.11;283.75;11.095970;8.990003;0.001336;193498.9000
1994-04-30;24:00;286.80;40.37;799.65;0.55;237.00;44.758976;35.203360;0.002152;205494.2000
1994-05-31;24:00;294.04;26.09;798.07;1.78;252.94;27.456440;21.687268;0.000016;254904.1000
1994-06-30;24:00;296.22;36.02;794.18;1.92;237.26;171.785210;5.569582;0.000000;238445.9000
1994-07-31;24:00;293.03;84.28;794.24;1.67;221.55;707.853269;17.520811;0.000007;167834.9000
1994-08-31;24:00;292.27;87.98;796.20;1.63;214.74;830.670703;21.189017;0.000002;158196.2000
1994-09-30;24:00;290.14;74.60;798.93;0.82;230.95;218.901542;6.794374;0.000000;188518.4000
1994-10-31;24:00;285.70;58.37;802.18;0.25;251.90;1.039505;0.546609;0.000000;183166.1000
1994-11-30;24:00;282.77;47.00;803.83;0.29;261.24;0.333670;0.889584;0.000000;136354.1000
1994-12-31;24:00;279.46;40.84;802.59;0.13;244.37;14.947722;20.178205;0.000016;114682.6000
1995-01-31;24:00;275.70;46.39;801.00;0.27;80.92;64.667124;52.224768;0.019160;118866.4000
1995-02-28;24:00;278.81;50.14;799.60;0.43;180.96;48.712680;55.617120;0.010782;125009.1000
1995-03-31;24:00;283.00;45.08;800.37;0.51;210.77;32.718593;24.810559;0.005468;181604.4000
1995-04-30;24:00;288.26;35.90;799.64;1.10;241.47;14.657774;12.900510;0.000821;208074.6000
1995-05-31;24:00;294.58;24.10;797.63;1.80;240.51;9.723611;7.435379;0.000000;255723.9000
1995-06-30;24:00;296.87;32.53;794.53;2.14;248.96;38.226139;3.920933;0.000030;248409.1000
1995-07-31;24:00;293.90;72.03;794.43;1.91;229.96;483.799662;6.041538;0.000002;202523.8000
1995-08-31;24:00;291.86;87.59;795.61;1.51;209.37;822.774474;22.444686;0.000018;150549.0000
1995-09-30;24:00;290.09;78.61;798.31;0.74;224.13;278.658072;13.778352;0.000052;179245.6000
1995-10-31;24:00;286.37;61.65;801.48;0.29;263.52;2.882426;3.757684;0.000002;177762.7000
1995-11-30;24:00;282.66;43.76;801.36;0.06;238.56;1.297287;0.941305;0.000010;143183.7000
1995-12-31;24:00;279.52;44.19;802.92;0.20;289.04;2.687407;15.319080;0.000319;110952.5000
1996-01-31;24:00;277.41;44.28;800.02;0.15;226.56;80.232120;62.076852;0.009460;123713.6000
1996-02-28;24:00;280.12;49.31;800.30;0.33;204.80;75.364668;57.482352;0.008277;135265.3000
1996-03-31;24:00;284.39;48.18;798.87;0.77;271.08;42.066036;54.884376;0.005627;171353.6000
1996-04-30;24:00;289.26;31.42;799.06;1.12;244.69;12.376033;18.051120;0.000994;227086.4000
1996-05-31;24:00;292.60;32.08;797.61;1.47;249.37;12.551605;13.198651;0.000069;247645.8000
1996-06-30;24:00;294.53;54.59;796.06;1.78;227.71;206.221331;9.564073;0.000001;224576.4000
1996-07-31;24:00;293.38;76.03;794.39;1.93;237.02;296.387747;2.268289;0.000001;214449.3000
1996-08-31;24:00;291.74;87.45;796.30;1.48;216.74;705.392518;9.882122;0.000007;158806.9000
1996-09-30;24:00;290.11;81.65;797.56;0.89;234.32;290.519806;11.466626;0.000004;165888.6000
1996-10-31;24:00;285.81;62.74;800.78;0.27;262.00;27.770612;4.585205;0.000296;176191.5000
1996-11-30;24:00;282.33;44.68;801.28;0.16;316.28;0.158696;1.741624;0.000000;139371.7000
1996-12-31;24:00;280.18;34.16;802.18;0.33;337.23;0.359737;4.035953;0.000000;129274.2000
1997-01-31;24:00;277.07;41.42;800.32;0.10;276.20;41.874840;45.934344;0.006124;126534.5000
1997-02-28;24:00;278.64;39.60;798.38;0.77;270.01;15.432869;14.003784;0.002751;150121.8000
1997-03-31;24:00;283.67;42.47;800.48;0.74;241.46;42.247987;30.958697;0.001738;170319.6000
1997-04-30;24:00;286.58;48.09;799.99;0.74;221.98;34.660051;23.063897;0.005161;211964.1000
1997-05-31;24:00;290.01;41.05;798.28;1.04;254.39;34.077982;16.760318;0.000984;245221.7000
1997-06-30;24:00;293.20;56.78;795.86;1.69;249.48;61.286141;12.109903;0.000010;230712.5000
1997-07-31;24:00;293.50;77.97;794.41;1.83;240.55;419.843797;4.707803;0.000000;201028.9000
1997-08-31;24:00;291.92;83.83;796.25;1.22;220.26;553.286372;9.472468;0.000001;186390.4000
1997-09-30;24:00;290.04;77.01;799.45;1.09;251.25;128.305289;3.874147;0.000018;187997.6000
1997-10-31;24:00;284.26;69.45;803.50;0.30;176.52;98.889250;28.030262;0.000387;144047.3000
1997-11-30;24:00;281.66;57.58;802.90;0.37;152.99;67.856868;46.482480;0.002350;122113.0000
1997-12-31;24:00;277.73;55.59;801.84;0.31;88.07;39.518881;17.135363;0.013786;113340.5000
1998-01-31;24:00;277.76;46.62;800.93;0.13;302.82;12.039206;17.540053;0.003579;121174.6000
1998-02-28;24:00;279.35;52.25;800.81;0.52;185.47;68.437030;34.414646;0.003457;135055.3000
1998-03-31;24:00;282.28;46.79;800.14;0.70;257.40;45.104472;34.851564;0.007441;183286.9000
1998-04-30;24:00;289.04;39.05;800.50;0.95;259.63;19.553922;9.440183;0.000796;222807.1000
1998-05-31;24:00;293.55;32.17;798.63;1.17;256.05;18.531137;10.051560;0.000944;252944.9000
1998-06-30;24:00;295.08;43.89;795.84;1.47;238.34;159.278328;10.639476;0.000102;233797.8000
1998-07-31;24:00;293.33;83.57;794.82;1.91;232.38;603.796543;4.040777;0.000001;208364.6000
1998-08-31;24:00;292.46;87.09;796.53;1.51;226.50;484.320687;2.783793;0.000000;190024.9000
1998-09-30;24:00;291.00;80.58;799.64;0.66;227.35;205.785158;10.208902;0.000007;173595.1000
1998-10-31;24:00;287.04;67.20;800.93;0.03;70.81;229.565282;30.661978;0.002565;166492.1000
1998-11-30;24:00;283.45;51.23;802.22;0.30;5.70;12.827574;1.924420;0.000333;141489.0000
1998-12-31;24:00;280.93;40.77;802.48;0.58;339.01;0.306819;2.156075;0.000015;126015.5000
1999-01-31;24:00;277.73;52.69;799.95;0.29;106.43;48.452497;31.472543;0.004942;117732.4000
1999-02-28;24:00;281.40;47.13;802.78;0.10;147.98;15.990772;12.584448;0.003776;133320.0000
1999-03-31;24:00;285.23;31.99;798.16;1.06;270.79;3.669984;12.459038;0.000180;200856.3000
1999-04-30;24:00;291.19;15.53;798.45;1.27;261.23;0.324859;3.047271;0.000004;235652.2000
1999-05-31;24:00;294.30;24.61;796.43;1.75;241.92;38.690446;10.089914;0.000000;245220.8000
1999-06-30;24:00;294.66;45.46;795.35;1.92;239.19;72.455137;9.310871;0.000022;237123.1000
1999-07-31;24:00;294.13;68.45;793.97;1.94;231.65;345.273869;7.907587;0.000002;215199.0000
1999-08-31;24:00;292.51;75.57;795.91;1.57;233.09;393.605204;4.386676;0.000002;192454.0000
1999-09-30;24:00;291.32;75.75;798.79;1.20;240.65;171.656021;4.817059;0.000000;170793.9000
1999-10-31;24:00;286.82;48.83;800.90;0.35;271.54;8.958857;2.434286;0.000013;177882.7000
1999-11-30;24:00;283.73;30.75;802.09;0.36;285.51;0.021961;0.304136;0.000000;142217.0000
1999-12-31;24:00;280.78;23.26;802.31;0.37;277.77;0.068579;0.915994;0.000056;126760.8000
2000-01-31;24:00;278.49;39.80;800.08;0.09;168.43;31.985060;28.773076;0.005260;119686.9000
2000-02-28;24:00;277.05;45.75;798.30;0.30;195.28;49.910501;34.216027;0.010785;142211.2000
2000-03-31;24:00;283.02;30.69;798.71;0.62;237.31;4.173307;23.806138;0.001545;201835.3000
2000-04-30;24:00;290.94;19.43;797.76;1.62;267.19;3.118882;7.160771;0.000025;232434.8000
2000-05-31;24:00;295.07;32.60;797.06;2.01;255.45;13.993484;4.272473;0.000030;241301.7000
2000-06-30;24:00;294.30;56.13;794.89;2.03;239.83;450.681365;24.881875;0.000011;210932.1000
2000-07-31;24:00;293.10;78.65;794.49;1.84;219.76;610.721341;11.107739;0.000004;180148.0000
2000-08-31;24:00;292.55;80.32;795.72;1.69;244.06;310.640591;2.848525;0.000001;192730.2000
2000-09-30;24:00;290.20;69.18;798.31;1.05;258.20;39.312401;1.929955;0.000001;199894.2000
2000-10-31;24:00;288.03;37.71;800.70;0.66;276.39;0.000773;0.030504;0.000000;182038.5000
2000-11-30;24:00;283.64;35.93;801.78;0.45;261.30;1.401613;5.526425;0.000000;125137.7000
2000-12-31;24:00;281.23;21.36;801.45;0.58;295.83;6.877405;1.732067;0.000022;126131.7000
2001-01-31;24:00;278.63;31.97;799.42;0.27;268.01;13.443008;13.814010;0.003496;132391.8000
2001-02-28;24:00;281.00;29.09;799.26;0.48;250.17;18.216608;21.749620;0.000712;144723.6000
2001-03-31;24:00;284.31;25.50;799.72;0.80;214.80;21.536784;32.752296;0.000270;190537.0000
2001-04-30;24:00;288.66;35.62;799.70;0.87;254.48;46.027674;20.522538;0.001354;206522.5000
2001-05-31;24:00;293.24;39.75;796.63;1.47;253.33;67.886186;13.305190;0.000136;236666.5000
2001-06-30;24:00;292.78;71.68;794.74;1.40;228.58;277.242372;14.674032;0.000010;209596.7000
2001-07-31;24:00;292.91;85.15;794.95;1.65;221.62;731.754702;10.225458;0.000008;182066.3000
2001-08-31;24:00;292.09;85.03;796.62;1.41;229.69;327.849793;5.598371;0.000000;200711.3000
2001-09-30;24:00;289.85;69.92;799.13;0.64;259.67;28.137834;1.331902;0.000002;206111.7000
2001-10-31;24:00;286.96;55.25;801.34;0.39;298.08;6.998220;0.674150;0.000001;175528.4000
2001-11-30;24:00;283.58;38.31;803.02;0.29;316.77;0.898323;1.028979;0.000000;139748.1000
2001-12-31;24:00;280.43;36.75;803.29;0.46;324.25;12.073090;14.079175;0.000593;117023.1000
2002-01-31;24:00;277.87;44.45;800.71;0.06;84.83;58.196002;34.858526;0.006082;120130.0000
2002-02-28;24:00;279.14;51.64;802.05;0.25;114.44;86.132880;72.208404;0.024889;131524.8000
2002-03-31;24:00;284.24;42.44;800.48;0.36;273.47;44.418240;40.517424;0.007397;188413.7000
2002-04-30;24:00;290.04;31.48;799.19;1.06;258.07;16.694870;18.764431;0.001042;211697.3000
2002-05-31;24:00;294.65;26.45;796.66;1.93;267.79;6.836602;5.477400;0.000076;253558.8000
2002-06-30;24:00;295.33;43.03;795.80;1.91;253.35;82.978232;4.603396;0.000009;232645.2000
2002-07-31;24:00;295.73;47.27;794.67;2.21;254.58;24.551338;1.165126;0.000000;242820.9000
2002-08-31;24:00;292.35;80.45;796.64;1.31;224.49;556.216949;16.250011;0.000023;174206.7000
2002-09-30;24:00;289.31;75.33;799.71;0.60;219.30;192.455122;9.766778;0.000019;180649.7000
2002-10-31;24:00;286.34;56.37;801.78;0.44;277.93;30.381516;8.260632;0.000061;172348.5000
2002-11-30;24:00;283.63;39.50;802.33;0.36;293.92;2.935134;3.401788;0.000002;131712.2000
2002-12-31;24:00;280.29;32.52;801.68;0.38;304.37;3.347145;1.616218;0.000080;116499.7000
2003-01-31;24:00;279.07;32.39;802.03;0.33;298.39;53.130262;29.536934;0.002939;127098.7000
2003-02-28;24:00;279.12;49.68;800.46;0.08;323.78;128.791116;70.004628;0.018029;130987.9000
2003-03-31;24:00;283.52;45.87;800.07;0.71;254.84;45.668520;41.818788;0.004287;182743.5000
2003-04-30;24:00;290.20;31.57;799.86;1.11;244.70;28.711760;29.064064;0.000235;220121.9000
2003-05-31;24:00;292.49;24.36;797.37;1.98;260.01;14.710057;15.221473;0.000019;257288.8000
2003-06-30;24:00;295.74;39.89;794.42;2.10;253.67;64.153101;2.393943;0.000003;235723.9000
2003-07-31;24:00;293.03;80.89;796.02;1.68;215.85;931.028544;43.241976;0.000000;181249.6000
2003-08-31;24:00;292.50;85.19;796.68;1.53;223.46;434.614114;3.509126;0.000000;190188.8000
2003-09-30;24:00;290.54;81.89;798.63;0.97;228.73;279.931154;8.749966;0.000003;175914.5000
2003-10-31;24:00;286.42;54.04;802.09;0.35;292.61;0.061240;0.450468;0.000055;185234.0000
2003-11-30;24:00;282.69;43.27;802.62;0.36;313.93;5.982851;5.762333;0.000165;134895.9000
2003-12-31;24:00;279.46;48.09;802.42;0.12;17.68;10.887570;9.179104;0.002277;116177.7000
2004-01-31;24:00;277.54;52.26;800.33;0.11;77.86;75.600792;44.423208;0.017401;109839.8000
2004-02-28;24:00;280.31;42.19;800.71;0.56;320.43;0.265540;7.934828;0.015366;154422.8000
2004-03-31;24:00;287.03;28.24;800.45;0.91;280.44;0.284804;2.366146;0.000653;205568.4000
2004-04-30;24:00;291.01;30.57;798.93;1.43;252.98;94.651560;36.550008;0.000375;204297.6000
2004-05-31;24:00;293.43;32.89;796.89;2.00;266.63;15.687713;9.435632;0.000934;258073.5000
2004-06-30;24:00;293.30;58.54;795.90;1.79;255.43;186.928999;17.164865;0.000013;218897.3000
2004-07-31;24:00;292.82;76.54;794.95;1.85;248.45;339.653915;1.514557;0.000000;209516.4000
2004-08-31;24:00;291.84;84.86;796.05;1.27;221.02;563.292713;5.676127;0.000000;174112.3000
2004-09-30;24:00;290.40;70.01;799.70;0.90;258.73;178.036949;8.453239;0.000001;192703.7000
2004-10-31;24:00;285.16;64.18;802.79;0.21;255.09;132.819728;16.181896;0.000588;161085.3000
2004-11-30;24:00;282.75;45.56;802.98;0.48;297.62;1.595882;2.437396;0.000022;132176.6000
2004-12-31;24:00;281.05;39.11;802.21;0.46;321.58;14.027753;17.259260;0.000269;112485.4000
2005-01-31;24:00;277.20;51.14;800.25;0.30;152.09;52.516584;52.027668;0.010272;117008.7000
2005-02-28;24:00;278.36;60.36;800.42;0.55;123.46;87.509700;77.918400;0.020543;111940.1000
2005-03-31;24:00;284.42;52.51;800.99;0.53;258.67;49.971532;30.873848;0.004820;181950.9000
2005-04-30;24:00;288.28;35.15;800.62;1.01;228.46;17.174459;19.188925;0.000639;216262.9000
2005-05-31;24:00;292.20;31.46;797.88;1.97;257.72;43.119720;22.415148;0.000090;238631.7000
2005-06-30;24:00;296.32;34.69;794.70;2.28;252.41;331.610706;14.914350;0.000000;235599.6000
2005-07-31;24:00;292.90;83.10;795.31;1.71;219.34;885.321896;16.828024;0.000027;180110.4000
2005-08-31;24:00;292.11;80.98;795.58;1.63;249.91;258.652209;2.216319;0.000000;206437.9000
2005-09-30;24:00;290.71;80.87;799.21;0.60;233.15;444.524846;25.206754;0.000044;159197.0000
2005-10-31;24:00;286.18;60.04;802.11;0.51;289.73;0.758292;0.429567;0.000006;179287.1000
2005-11-30;24:00;282.22;41.63;801.96;0.52;324.61;0.122131;0.436628;0.000000;143288.9000
2005-12-31;24:00;279.54;36.44;801.57;0.27;37.05;10.545566;3.017567;0.000000;121237.3000
2006-01-31;24:00;279.11;41.77;801.33;0.28;63.89;29.329308;61.567344;0.003104;112560.6000
2006-02-28;24:00;284.40;35.33;801.67;0.86;290.19;4.217666;17.585802;0.000266;131437.9000
2006-03-31;24:00;283.45;46.59;800.18;0.32;217.07;82.101852;34.599564;0.005730;172574.7000
2006-04-30;24:00;288.75;35.68;798.96;1.02;254.53;19.628528;25.790080;0.001090;212192.2000
2006-05-31;24:00;293.44;46.66;798.06;1.64;253.65;47.829352;10.505984;0.000033;229644.3000
2006-06-30;24:00;293.73;52.55;796.33;1.65;237.64;472.255409;27.580831;0.000001;218391.1000
2006-07-31;24:00;293.34;81.68;794.90;1.73;217.79;714.843504;29.977776;0.000001;183461.3000
2006-08-31;24:00;292.23;84.71;796.78;1.41;225.02;434.332249;9.006311;0.000002;178704.3000
2006-09-30;24:00;290.43;76.84;799.29;0.91;240.24;142.241771;4.892497;0.000005;189888.1000
2006-10-31;24:00;286.79;62.02;802.87;0.41;285.67;21.227400;5.102086;0.000286;168426.1000
2006-11-30;24:00;282.91;51.88;802.31;0.35;285.76;7.935156;6.993605;0.000124;128425.4000
2006-12-31;24:00;280.36;41.96;802.52;0.14;24.19;36.373536;40.764384;0.002031;117213.7000
2007-01-31;24:00;279.12;32.46;802.14;0.32;293.20;0.605909;4.276390;0.000467;133281.4000
2007-02-28;24:00;278.84;57.57;799.85;0.22;134.01;115.671852;76.803120;0.026663;115446.0000
2007-03-31;24:00;283.21;51.36;800.36;0.35;256.01;120.447360;72.986796;0.013355;188964.9000
2007-04-30;24:00;290.85;36.74;800.37;1.22;262.82;10.130429;7.944559;0.000837;227323.6000
2007-05-31;24:00;293.33;38.15;798.28;1.72;244.91;37.830748;20.212340;0.000028;233880.0000
2007-06-30;24:00;295.83;47.62;795.63;2.16;240.67;372.744677;15.661123;0.000000;214072.9000
2007-07-31;24:00;292.94;82.52;794.38;1.94;234.33;532.917983;6.378577;0.000005;201257.9000
2007-08-31;24:00;292.28;87.73;795.87;1.64;233.63;651.395084;10.982596;0.000001;175541.0000
2007-09-30;24:00;290.49;80.30;797.62;0.98;245.41;173.299932;11.156508;0.000009;185914.2000
2007-10-31;24:00;286.26;52.58;801.09;0.28;312.54;7.866162;2.143789;0.000048;183869.7000
2007-11-30;24:00;283.06;44.46;802.18;0.52;316.70;0.157881;0.248667;0.000001;138372.2000
2007-12-31;24:00;279.53;38.84;801.44;0.31;350.16;17.482716;9.079517;0.000388;117865.8000
2008-01-31;24:00;276.93;51.90;799.74;0.32;138.44;48.445632;78.536124;0.002482;102374.7000
2008-02-28;24:00;279.06;39.12;799.50;0.38;230.20;33.511777;20.511407;0.004374;150904.4000
2008-03-31;24:00;285.80;25.87;799.74;1.15;274.41;2.669684;5.316764;0.000193;201060.7000
2008-04-30;24:00;288.64;37.61;799.33;0.95;251.84;36.848880;27.249084;0.002439;216876.6000
2008-05-31;24:00;292.15;42.04;796.84;1.57;244.80;139.413060;37.565784;0.000023;224308.3000
2008-06-30;24:00;292.61;79.04;794.97;1.81;218.72;899.895636;37.351404;0.000002;169020.2000
2008-07-31;24:00;292.36;87.54;794.57;1.94;229.70;797.180414;6.891466;0.000000;171568.8000
2008-08-31;24:00;291.62;87.70;796.01;1.20;224.30;533.209590;14.937210;0.000010;162009.3000
2008-09-30;24:00;289.72;78.05;798.58;0.78;249.80;201.414305;19.632535;0.000112;185398.4000
2008-10-31;24:00;286.71;67.89;801.78;0.63;278.80;48.536293;2.977511;0.000007;169728.6000
2008-11-30;24:00;283.82;46.31;802.51;0.36;320.45;1.325347;3.196415;0.000334;139675.1000
2008-12-31;24:00;281.68;44.20;802.28;0.57;333.90;2.653308;9.324756;0.000120;118517.0000
2009-01-31;24:00;280.49;46.55;802.46;0.33;55.89;9.784634;18.338623;0.000360;113363.1000
2009-02-28;24:00;281.51;38.65;800.03;0.58;293.60;4.171010;16.556803;0.001646;144567.4000
2009-03-31;24:00;284.90;35.00;800.35;0.70;244.55;28.405750;16.143062;0.000546;186264.5000
2009-04-30;24:00;289.78;30.33;799.15;1.21;257.02;57.980336;31.691128;0.000936;225550.5000
2009-05-31;24:00;293.00;34.49;797.46;1.80;253.15;27.201636;19.716300;0.000041;241629.9000
2009-06-30;24:00;295.40;32.78;795.53;1.93;254.06;12.704126;6.838348;0.000003;254322.5000
2009-07-31;24:00;294.28;70.10;794.63;1.82;237.98;350.147383;4.616705;0.000000;213871.7000
2009-08-31;24:00;292.42;82.96;796.86;1.59;239.83;441.423569;5.844751;0.000000;185684.1000
2009-09-30;24:00;290.64;75.84;798.88;0.74;245.20;165.317674;12.580970;0.000034;187958.1000
2009-10-31;24:00;285.97;60.27;801.23;0.41;288.87;83.102782;9.380498;0.000104;172851.5000
2009-11-30;24:00;282.66;49.63;802.27;0.15;307.60;27.261335;10.243861;0.000015;129535.8000
2009-12-31;24:00;279.75;39.43;801.55;0.32;314.67;0.324086;5.139857;0.000006;113953.0000
2010-01-31;24:00;279.54;34.79;802.33;0.39;299.74;6.799367;3.920098;0.001607;130453.8000
2010-02-28;24:00;279.91;46.09;800.65;0.25;254.71;67.269600;54.331488;0.007881;135372.6000
2010-03-31;24:00;286.93;32.00;800.86;1.03;267.17;5.422874;10.067584;0.000581;199539.6000
2010-04-30;24:00;292.17;22.92;799.92;1.44;256.85;14.816225;18.092473;0.000000;221138.8000
2010-05-31;24:00;294.70;27.21;797.45;1.83;246.48;24.983921;20.882563;0.000028;244709.3000
2010-06-30;24:00;295.08;41.06;796.32;1.74;248.27;37.925413;15.828455;0.000016;238240.8000
2010-07-31;24:00;293.00;80.88;796.55;1.37;218.14;920.071800;20.287080;0.000002;182942.2000
2010-08-31;24:00;292.19;88.82;797.36;1.58;214.64;1030.216370;30.386110;0.000000;158997.4000
2010-09-30;24:00;290.19;85.54;798.69;1.18;213.35;624.245015;24.864505;0.000286;154488.6000
2010-10-31;24:00;286.86;71.52;800.31;0.51;255.60;57.804671;7.433953;0.000173;166420.8000
2010-11-30;24:00;283.65;55.77;801.89;0.22;324.52;8.954318;1.513636;0.000824;136733.3000
2010-12-31;24:00;279.11;47.67;799.37;0.23;47.22;69.014142;29.460906;0.001289;123061.5000
2011-01-31;24:00;276.85;46.94;799.14;0.31;342.53;27.780710;20.851438;0.006528;123900.9000
2011-02-28;24:00;279.31;55.42;799.93;0.26;98.29;72.921168;80.829612;0.006665;118851.9000
2011-03-31;24:00;283.95;44.04;799.95;0.45;260.57;23.923019;27.808225;0.002068;190033.0000
2011-04-30;24:00;287.71;42.47;800.36;0.84;225.77;52.482305;28.527667;0.000461;204086.2000
2011-05-31;24:00;293.58;40.26;797.74;1.75;255.40;82.768892;32.802376;0.000017;236636.3000
2011-06-30;24:00;292.70;69.12;794.67;1.32;235.48;455.568865;10.335575;0.000024;206247.4000
2011-07-31;24:00;292.31;86.19;795.18;1.65;224.31;777.989952;12.921408;0.000003;172995.6000
2011-08-31;24:00;291.93;89.22;796.41;1.58;210.24;1135.053641;29.941999;0.000021;155518.0000
2011-09-30;24:00;290.44;82.15;797.64;0.95;237.37;272.091179;10.021381;0.000001;172558.8000
2011-10-31;24:00;286.64;65.43;801.35;0.46;270.74;10.351929;1.239697;0.000006;174987.1000
2011-11-30;24:00;283.70;52.33;801.97;0.75;300.67;0.685401;0.373535;0.000000;138914.6000
2011-12-31;24:00;279.75;40.75;801.34;0.21;10.47;1.519799;1.027641;0.000355;127720.9000
2012-01-31;24:00;275.32;59.44;799.25;0.37;109.87;84.622644;52.034508;0.012233;112748.8000
2012-02-28;24:00;278.66;51.64;798.91;0.56;162.04;28.023768;48.687192;0.003661;133145.0000
2012-03-31;24:00;283.89;34.58;799.38;0.76;242.94;18.518918;32.397754;0.001703;197572.9000
2012-04-30;24:00;288.29;42.83;799.06;1.15;246.90;37.170468;26.827200;0.000855;207315.6000
2012-05-31;24:00;293.14;27.48;797.72;1.53;250.82;15.357290;13.542656;0.000100;247224.2000
2012-06-30;24:00;296.58;30.49;793.98;2.24;256.88;16.860892;11.152300;0.000000;248950.7000
2012-07-31;24:00;293.70;79.29;793.98;2.11;235.78;634.481230;5.474210;0.000000;181825.1000
2012-08-31;24:00;292.16;88.75;796.11;1.83;226.33;1027.020276;45.425844;0.000000;139567.7000
2012-09-30;24:00;290.85;85.87;798.42;1.65;232.56;895.576104;46.698336;0.000017;157653.7000
2012-10-31;24:00;286.01;67.71;801.64;0.77;266.76;19.473026;16.999870;0.000001;164654.8000
2012-11-30;24:00;282.59;57.42;801.04;0.41;274.31;3.575052;9.391918;0.000063;130585.3000
2012-12-31;24:00;280.29;48.71;800.69;0.18;329.58;44.821314;33.232302;0.003078;110779.1000
2013-01-31;24:00;277.51;55.52;800.33;0.24;260.27;97.841160;74.620908;0.022651;121074.3000
2013-02-28;24:00;279.12;70.94;800.95;0.55;146.26;165.677508;113.998536;0.039184;120434.4000
2013-03-31;24:00;284.73;56.67;800.82;0.60;245.52;45.353304;38.147868;0.009230;178928.3000
2013-04-30;24:00;288.64;47.00;799.00;1.59;253.57;68.122217;34.807003;0.004102;196552.4000
2013-05-31;24:00;294.62;26.98;796.45;2.31;248.75;31.036007;24.524161;0.000021;246195.0000
2013-06-30;24:00;293.76;68.24;794.74;2.13;237.18;637.417735;30.685385;0.000667;196878.7000
2013-07-31;24:00;292.86;88.87;794.06;2.28;232.07;1132.832563;14.971637;0.000000;169249.2000
2013-08-31;24:00;291.78;90.59;796.38;1.93;226.95;859.480110;32.066370;0.000001;148902.3000
2013-09-30;24:00;290.38;83.41;798.47;1.28;251.39;184.926186;7.061598;0.000005;176580.7000
2013-10-31;24:00;287.51;75.91;801.40;0.85;256.98;88.834381;5.673035;0.000001;156865.1000
2013-11-30;24:00;282.89;51.00;802.33;0.23;296.63;12.443231;12.526693;0.000358;130650.2000
2013-12-31;24:00;279.44;50.80;800.83;0.05;279.84;33.476645;29.738203;0.000519;119725.8000
2014-01-31;24:00;278.30;56.61;802.10;0.09;171.19;54.543168;39.155508;0.007671;113831.8000
2014-02-28;24:00;278.39;64.67;799.11;0.61;179.39;92.157156;84.309336;0.025313;127872.7000
2014-03-31;24:00;282.54;61.01;801.24;0.41;236.63;45.541512;50.192604;0.011915;166224.8000
2014-04-30;24:00;287.86;47.68;800.33;1.18;253.19;42.194981;23.791867;0.005647;212121.7000
2014-05-31;24:00;292.40;41.33;798.62;1.93;246.81;57.310754;32.510974;0.000121;230751.7000
2014-06-30;24:00;296.29;41.87;794.70;2.68;258.05;102.177382;12.543746;0.000004;230382.7000
2014-07-31;24:00;293.88;72.81;795.28;2.16;234.01;544.204674;5.642046;0.000000;186936.3000
2014-08-31;24:00;292.41;81.37;796.37;1.96;250.38;397.818273;2.541327;0.000000;197003.5000
2014-09-30;24:00;290.55;82.99;798.58;1.39;239.02;258.373339;11.628893;0.000007;169321.3000
2014-10-31;24:00;286.72;70.70;802.71;0.72;251.74;72.710492;8.034520;0.000388;157548.4000
2014-11-30;24:00;284.09;46.15;802.08;0.63;279.27;0.376210;0.789921;0.000092;139962.6000
2014-12-31;24:00;280.27;38.11;801.91;0.08;277.62;45.883832;28.403176;0.004026;117379.9000
2015-01-31;24:00;278.39;52.10;801.59;0.40;245.90;61.406219;28.038445;0.007618;118801.0000
2015-02-28;24:00;281.50;53.85;801.37;0.61;213.39;54.518616;72.717192;0.006812;121962.1000
2015-03-31;24:00;283.16;64.50;801.87;0.65;217.53;142.812864;61.824924;0.019842;164614.7000
2015-04-30;24:00;287.65;57.72;799.98;1.12;244.27;125.083656;65.970720;0.005713;187821.9000
2015-05-31;24:00;293.80;34.41;798.61;2.07;248.07;38.864894;28.103422;0.000101;241206.3000
2015-06-30;24:00;294.62;47.76;796.14;2.23;238.42;191.889432;38.937708;0.000611;216101.4000
2015-07-31;24:00;292.98;83.78;795.19;2.22;233.80;652.673974;22.448786;0.000316;182998.0000
2015-08-31;24:00;292.14;87.64;796.78;2.13;237.96;651.020908;7.937852;0.000047;178342.5000
2015-09-30;24:00;290.56;73.50;799.59;1.14;253.10;96.942492;5.307624;0.000047;196889.7000
2015-10-31;24:00;287.31;64.80;802.98;0.71;258.23;17.951807;3.700768;0.000156;168219.6000
2015-11-30;24:00;284.44;52.64;803.28;0.46;242.04;31.036158;14.375142;0.000091;127327.1000
2015-12-31;24:00;280.17;44.95;802.20;0.41;242.89;10.503230;15.023174;0.002664;115107.0000
2016-01-31;24:00;279.13;44.93;801.34;0.65;256.51;2.114406;12.876361;0.002071;117527.2000
2016-02-28;24:00;281.72;41.04;802.30;0.50;203.26;13.083844;14.274878;0.007491;143585.7000
2016-03-31;24:00;285.50;48.24;801.70;0.76;238.47;37.062540;36.024732;0.008112;174486.6000
2016-04-30;24:00;291.03;35.41;799.02;1.89;259.77;17.367952;17.662576;0.000937;210532.6000
2016-05-31;24:00;293.76;41.89;797.66;2.33;251.95;100.676239;30.343745;0.000517;221480.7000
2016-06-30;24:00;295.01;59.29;796.96;2.47;244.19;301.975549;9.348599;0.000123;206099.6000
2016-07-31;24:00;293.26;82.19;795.31;2.35;229.54;812.113250;21.324550;0.000183;180471.6000
2016-08-31;24:00;292.30;85.99;796.75;1.61;217.62;564.178633;5.388167;0.000080;169885.8000
2016-09-30;24:00;290.99;81.00;798.51;1.38;240.88;135.097574;7.875562;0.000023;184563.0000
2016-10-31;24:00;287.63;60.45;800.55;0.66;262.82;7.489281;1.901377;0.000053;172503.0000
2016-11-30;24:00;284.68;35.49;802.40;0.59;288.16;0.003819;0.484372;0.000000;137805.4000
2016-12-31;24:00;282.73;29.33;802.51;0.50;287.11;0.181700;2.641413;0.000200;121562.8000
2017-01-31;24:00;277.47;57.37;801.48;0.32;116.33;71.247204;65.318688;0.028229;108483.7000
2017-02-28;24:00;282.07;44.74;801.83;0.53;241.00;12.503243;31.452145;0.010000;141387.9000
2017-03-31;24:00;283.99;46.09;799.22;1.15;254.77;47.843388;49.303008;0.010678;190445.6000
2017-04-30;24:00;290.56;37.14;799.01;1.34;252.58;45.062712;44.651268;0.002800;220704.4000
2017-05-31;24:00;292.99;45.11;798.61;1.77;250.39;159.555672;48.399948;0.000664;214090.0000
2017-06-30;24:00;293.74;61.26;795.88;2.00;239.77;432.600660;63.360540;0.000373;203907.5000
2017-07-31;24:00;292.91;84.00;795.54;1.98;226.13;679.206701;6.867979;0.000090;181789.2000
2017-08-31;24:00;292.50;86.92;796.34;1.83;240.28;458.701744;6.228176;0.000041;181079.2000
2017-09-30;24:00;291.02;79.54;799.02;0.97;236.78;188.040139;7.095089;0.000258;182146.5000
2017-10-31;24:00;287.55;59.76;801.04;0.40;265.80;2.678064;1.328689;0.000000;177174.7000
2017-11-30;24:00;283.07;53.44;802.18;0.12;226.31;4.554652;3.677260;0.000140;128575.4000
2017-12-31;24:00;281.14;43.65;802.87;0.18;59.45;32.015920;12.388208;0.003949;116368.1000
2018-01-31;24:00;279.53;34.43;799.62;0.76;296.21;9.228204;6.702995;0.003609;129698.7000
2018-02-28;24:00;281.52;42.72;801.27;0.52;261.32;35.189881;34.688351;0.004364;134226.7000
2018-03-31;24:00;285.54;37.12;800.21;0.88;256.01;27.217440;37.229040;0.003596;196925.7000
2018-04-30;24:00;289.61;41.16;799.64;1.28;252.13;37.176214;21.644186;0.001462;208519.2000
2018-05-31;24:00;293.29;32.91;798.36;1.97;266.50;27.653774;18.451282;0.000571;239320.4000
2018-06-30;24:00;294.50;60.77;795.05;1.95;245.85;222.733771;9.426809;0.000095;212770.0000
2018-07-31;24:00;293.15;83.64;794.10;1.87;227.65;874.202177;13.106023;0.000100;173702.1000
2018-08-31;24:00;292.33;89.63;795.20;2.05;233.94;725.376956;6.689524;0.000127;164726.0000
2018-09-30;24:00;290.43;83.21;799.38;0.84;230.00;458.059428;18.665892;0.000619;162103.4000
2018-10-31;24:00;285.68;63.98;802.53;0.49;282.02;5.206787;2.093200;0.000250;174282.2000
2018-11-30;24:00;282.85;56.34;802.67;0.49;309.31;12.938245;18.754326;0.003129;125583.4000
2018-12-31;24:00;278.74;50.01;801.73;0.20;318.26;26.288852;16.387672;0.000783;120678.3000
2019-01-31;24:00;276.69;59.59;801.64;0.26;77.56;106.035732;88.771680;0.019820;102698.6000
2019-02-28;24:00;277.98;67.12;800.76;0.62;125.33;125.608392;101.683656;0.031040;112522.2000
2019-03-31;24:00;282.04;57.99;800.71;0.16;222.73;33.694056;37.485900;0.016599;181798.3000
2019-04-30;24:00;289.23;47.30;800.22;0.92;267.66;51.651238;14.579222;0.003600;211562.1000
2019-05-31;24:00;292.50;36.35;798.55;1.59;257.32;33.099275;23.345881;0.000314;241810.9000
2019-06-30;24:00;295.59;39.98;796.60;2.03;253.84;54.052650;13.699494;0.000251;239871.6000
2019-07-31;24:00;293.64;76.90;794.87;2.00;233.63;427.941896;3.330544;0.000076;193321.8000
2019-08-31;24:00;292.65;84.70;796.51;1.43;220.40;544.260229;12.164051;0.000120;161822.5000
2019-09-30;24:00;291.22;83.18;799.71;1.28;234.82;303.444518;14.052946;0.000300;170721.8000
2019-10-31;24:00;286.39;64.90;802.64;0.26;251.50;10.617203;3.711557;0.000128;167778.6000
2019-11-30;24:00;283.26;54.42;802.92;0.29;40.83;50.211828;44.666136;0.002878;112222.4000
2019-12-31;24:00;277.94;48.70;801.98;0.44;30.80;81.719676;62.859168;0.015057;118969.5000
2020-01-31;24:00;275.62;66.31;800.28;0.43;43.87;190.388268;108.012816;0.034737;105633.2000
2020-02-28;24:00;279.04;55.62;801.82;0.43;329.02;49.789274;20.714746;0.016248;141894.5000
2020-03-31;24:00;281.80;64.99;800.58;0.44;162.04;132.733224;66.783996;0.025236;173111.5000
2020-04-30;24:00;286.63;60.82;800.72;0.57;247.51;90.740488;30.045812;0.013534;187118.5000
2020-05-31;24:00;290.75;51.80;798.88;1.00;266.82;111.811957;31.679075;0.003351;224612.3000
2020-06-30;24:00;293.16;62.08;796.50;1.64;243.29;133.884439;9.210269;0.000650;231691.0000
2020-07-31;24:00;293.40;79.85;795.85;1.88;236.12;452.856377;6.863623;0.000187;212820.6000
2020-08-31;24:00;292.92;87.85;795.57;1.82;221.65;949.847213;23.021827;0.000075;166625.8000
